{
  "sector_definitions": [
    {
      "sector_id": "LECPMXX",
      "lower_limit": 6000,
      "higher_limit": 13500,
      "polygon": [
        [3.1849999999999996, 39.32555555555556],
        [3.3163888888888886, 39.35861111111111],
        [3.3163888888888886, 39.35861111111111],
        [3.4986111111111113, 39.45638888888889],
        [3.4986111111111113, 39.45638888888889],
        [3.617777777777778, 39.59638888888889],
        [3.617777777777778, 39.59638888888889],
        [3.6466666666666665, 39.63027777777778],
        [3.6466666666666665, 39.63027777777778],
        [3.6355555555555554, 39.75527777777778],
        [3.6355555555555554, 39.75527777777778],
        [3.6233333333333335, 39.89361111111111],
        [3.6233333333333335, 39.89361111111111],
        [3.6219916666666667, 39.90884722222222],
        [3.6219916666666667, 39.90884722222222],
        [3.6011111111111114, 40.144999999999996],
        [3.6011111111111114, 40.144999999999996],
        [3.5691666666666664, 40.5],
        [3.5691666666666664, 40.5],
        [3.7744444444444443, 40.503055555555555],
        [3.7744444444444443, 40.503055555555555],
        [3.986388888888889, 40.50083333333333],
        [3.986388888888889, 40.50083333333333],
        [4.666666666666667, 40.5],
        [4.666666666666667, 40.5],
        [4.666666944444445, 40.03111083333333],
        [4.666666944444445, 40.03111083333333],
        [4.666666666666667, 39.98972222222222],
        [4.666666666666667, 39.98972222222222],
        [4.666666666666667, 39.71666666666667],
        [4.666666666666667, 39.71666666666667],
        [4.338055555555555, 39.51111111111111],
        [4.338055555555555, 39.51111111111111],
        [4.338333333333333, 39.44361111111111],
        [4.338333333333333, 39.44361111111111],
        [4.0834166666666665, 39.33222222222223],
        [4.0834166666666665, 39.33222222222223],
        [3.9570947222222226, 39.276674444444446],
        [3.9570947222222226, 39.276674444444446],
        [3.513888888888889, 39.080000000000005],
        [3.513888888888889, 39.080000000000005],
        [3.4030166666666664, 39.05229166666666],
        [3.4030166666666664, 39.05229166666666],
        [3.1849999999999996, 39.32555555555556]
      ]
    },
    {
      "sector_id": "LECPMXX",
      "lower_limit": 13500,
      "higher_limit": 24500,
      "polygon": [
        [3.5691666666666664, 40.5],
        [3.6011111111111114, 40.144999999999996],
        [3.6011111111111114, 40.144999999999996],
        [3.6219916666666667, 39.90884722222222],
        [3.6219916666666667, 39.90884722222222],
        [3.6233333333333335, 39.89361111111111],
        [3.6233333333333335, 39.89361111111111],
        [3.6355555555555554, 39.75527777777778],
        [3.6355555555555554, 39.75527777777778],
        [3.6466666666666665, 39.63027777777778],
        [3.6466666666666665, 39.63027777777778],
        [3.617777777777778, 39.59638888888889],
        [3.617777777777778, 39.59638888888889],
        [3.079166666666667, 39.45638888888889],
        [3.079166666666667, 39.45638888888889],
        [3.1849999999999996, 39.32555555555556],
        [3.1849999999999996, 39.32555555555556],
        [3.4030166666666664, 39.05229166666666],
        [3.4030166666666664, 39.05229166666666],
        [3.513888888888889, 39.080000000000005],
        [3.513888888888889, 39.080000000000005],
        [3.9570947222222226, 39.276674444444446],
        [3.9570947222222226, 39.276674444444446],
        [4.0834166666666665, 39.33222222222223],
        [4.0834166666666665, 39.33222222222223],
        [4.338333333333333, 39.44361111111111],
        [4.338333333333333, 39.44361111111111],
        [4.338055555555555, 39.51111111111111],
        [4.338055555555555, 39.51111111111111],
        [4.666666666666667, 39.71666666666667],
        [4.666666666666667, 39.71666666666667],
        [4.666666666666667, 39.98972222222222],
        [4.666666666666667, 39.98972222222222],
        [4.666666944444445, 40.03111083333333],
        [4.666666944444445, 40.03111083333333],
        [4.666666666666667, 40.5],
        [4.666666666666667, 40.5],
        [3.986388888888889, 40.50083333333333],
        [3.986388888888889, 40.50083333333333],
        [3.7744444444444443, 40.503055555555555],
        [3.7744444444444443, 40.503055555555555],
        [3.5691666666666664, 40.5]
      ]
    },
    {
      "sector_id": "LECPMXX",
      "lower_limit": 20500,
      "higher_limit": 24500,
      "polygon": [
        [3.6011111111111114, 40.144999999999996],
        [3.6219916666666667, 39.90884722222222],
        [3.6219916666666667, 39.90884722222222],
        [3.6233333333333335, 39.89361111111111],
        [3.6233333333333335, 39.89361111111111],
        [3.6355555555555554, 39.75527777777778],
        [3.6355555555555554, 39.75527777777778],
        [3.6466666666666665, 39.63027777777778],
        [3.6466666666666665, 39.63027777777778],
        [3.1289000000000002, 39.583000000000006],
        [3.1289000000000002, 39.583000000000006],
        [3.1624363888888887, 39.667676666666665],
        [3.1624363888888887, 39.667676666666665],
        [3.2047222222222222, 39.77722222222222],
        [3.2047222222222222, 39.77722222222222],
        [3.2494444444444444, 39.89388888888889],
        [3.2494444444444444, 39.89388888888889],
        [3.374722222222222, 39.98361111111111],
        [3.374722222222222, 39.98361111111111],
        [3.6011111111111114, 40.144999999999996]
      ]
    },
    {
      "sector_id": "LECPMXX",
      "lower_limit": 16500,
      "higher_limit": 24500,
      "polygon": [
        [3.6466666666666665, 39.63027777777778],
        [3.617777777777778, 39.59638888888889],
        [3.617777777777778, 39.59638888888889],
        [3.079166666666667, 39.45638888888889],
        [3.079166666666667, 39.45638888888889],
        [3.1289000000000002, 39.583000000000006],
        [3.1289000000000002, 39.583000000000006],
        [3.6466666666666665, 39.63027777777778]
      ]
    },
    {
      "sector_id": "LECPMXX",
      "lower_limit": 0,
      "higher_limit": 6000,
      "polygon": [
        [4.666666666666667, 40.5],
        [4.443888888888889, 40.31666666666667],
        [4.443888888888889, 40.31666666666667],
        [4.666666666666667, 39.98972222222222],
        [4.666666666666667, 39.98972222222222],
        [4.666666944444445, 40.03111083333333],
        [4.666666944444445, 40.03111083333333],
        [4.666666666666667, 40.5]
      ]
    },
    {
      "sector_id": "LECPMXX",
      "lower_limit": 0,
      "higher_limit": 6000,