{
  "sector_definitions": [
    {
      "sector_id": "LECPMXX",
      "lower_limit": 6000,
      "higher_limit": 13500,
      "polygon": [
        [ 39.325555555556, 3.185 ],
        [ 39.358611111111, 3.3163888888889 ],
        [ 39.358611111111, 3.3163888888889 ],
        [ 39.456388888889, 3.4986111111111 ],
        [ 39.456388888889, 3.4986111111111 ],
        [ 39.596388888889, 3.6177777777778 ],
        [ 39.596388888889, 3.6177777777778 ],
        [ 39.630277777778, 3.6466666666667 ],
        [ 39.630277777778, 3.6466666666667 ],
        [ 39.755277777778, 3.6355555555556 ],
        [ 39.755277777778, 3.6355555555556 ],
        [ 39.893611111111, 3.6233333333333 ],
        [ 39.893611111111, 3.6233333333333 ],
        [ 39.908847222222, 3.6219916666667 ],
        [ 39.908847222222, 3.6219916666667 ],
        [ 40.145, 3.6011111111111 ],
        [ 40.145, 3.6011111111111 ],
        [ 40.5, 3.5691666666667 ],
        [ 40.5, 3.5691666666667 ],
        [ 40.503055555556, 3.7744444444444 ],
        [ 40.503055555556, 3.7744444444444 ],
        [ 40.500833333333, 3.9863888888889 ],
        [ 40.500833333333, 3.9863888888889 ],
        [ 40.5, 4.6666666666667 ],
        [ 40.5, 4.6666666666667 ],
        [ 40.031110833333, 4.6666669444444 ],
        [ 40.031110833333, 4.6666669444444 ],
        [ 39.989722222222, 4.6666666666667 ],
        [ 39.989722222222, 4.6666666666667 ],
        [ 39.716666666667, 4.6666666666667 ],
        [ 39.716666666667, 4.6666666666667 ],
        [ 39.511111111111, 4.3380555555556 ],
        [ 39.511111111111, 4.3380555555556 ],
        [ 39.443611111111, 4.3383333333333 ],
        [ 39.443611111111, 4.3383333333333 ],
        [ 39.332222222222, 4.0834166666667 ],
        [ 39.332222222222, 4.0834166666667 ],
        [ 39.276674444444, 3.9570947222222 ],
        [ 39.276674444444, 3.9570947222222 ],
        [ 39.08, 3.5138888888889 ],
        [ 39.08, 3.5138888888889 ],
        [ 39.052291666667, 3.4030166666667 ],
        [ 39.052291666667, 3.4030166666667 ],
        [ 39.325555555556, 3.185 ]
      ]
    },
    {
      "sector_id": "LECPMXX",
      "lower_limit": 13500,
      "higher_limit": 24500,
      "polygon": [
        [ 40.5, 3.5691666666667 ],
        [ 40.145, 3.6011111111111 ],
        [ 40.145, 3.6011111111111 ],
        [ 39.908847222222, 3.6219916666667 ],
        [ 39.908847222222, 3.6219916666667 ],
        [ 39.893611111111, 3.6233333333333 ],
        [ 39.893611111111, 3.6233333333333 ],
        [ 39.755277777778, 3.6355555555556 ],
        [ 39.755277777778, 3.6355555555556 ],
        [ 39.630277777778, 3.6466666666667 ],
        [ 39.630277777778, 3.6466666666667 ],
        [ 39.596388888889, 3.6177777777778 ],
        [ 39.596388888889, 3.6177777777778 ],
        [ 39.456388888889, 3.0791666666667 ],
        [ 39.456388888889, 3.0791666666667 ],
        [ 39.325555555556, 3.185 ],
        [ 39.325555555556, 3.185 ],
        [ 39.052291666667, 3.4030166666667 ],
        [ 39.052291666667, 3.4030166666667 ],
        [ 39.08, 3.5138888888889 ],
        [ 39.08, 3.5138888888889 ],
        [ 39.276674444444, 3.9570947222222 ],
        [ 39.276674444444, 3.9570947222222 ],
        [ 39.332222222222, 4.0834166666667 ],
        [ 39.332222222222, 4.0834166666667 ],
        [ 39.443611111111, 4.3383333333333 ],
        [ 39.443611111111, 4.3383333333333 ],
        [ 39.511111111111, 4.3380555555556 ],
        [ 39.511111111111, 4.3380555555556 ],
        [ 39.716666666667, 4.6666666666667 ],
        [ 39.716666666667, 4.6666666666667 ],
        [ 39.989722222222, 4.6666666666667 ],
        [ 39.989722222222, 4.6666666666667 ],
        [ 40.031110833333, 4.6666669444444 ],
        [ 40.031110833333, 4.6666669444444 ],
        [ 40.5, 4.6666666666667 ],
        [ 40.5, 4.6666666666667 ],
        [ 40.500833333333, 3.9863888888889 ],
        [ 40.500833333333, 3.9863888888889 ],
        [ 40.503055555556, 3.7744444444444 ],
        [ 40.503055555556, 3.7744444444444 ],
        [ 40.5, 3.5691666666667 ]
      ]
    },
    {
      "sector_id": "LECPMXX",
      "lower_limit": 20500,
      "higher_limit": 24500,
      "polygon": [
        [ 40.145, 3.6011111111111 ],
        [ 39.908847222222, 3.6219916666667 ],
        [ 39.908847222222, 3.6219916666667 ],
        [ 39.893611111111, 3.6233333333333 ],
        [ 39.893611111111, 3.6233333333333 ],
        [ 39.755277777778, 3.6355555555556 ],
        [ 39.755277777778, 3.6355555555556 ],
        [ 39.630277777778, 3.6466666666667 ],
        [ 39.630277777778, 3.6466666666667 ],
        [ 39.583, 3.1289 ],
        [ 39.583, 3.1289 ],
        [ 39.667676666667, 3.1624363888889 ],
        [ 39.667676666667, 3.1624363888889 ],
        [ 39.777222222222, 3.2047222222222 ],
        [ 39.777222222222, 3.2047222222222 ],
        [ 39.893888888889, 3.2494444444444 ],
        [ 39.893888888889, 3.2494444444444 ],
        [ 39.983611111111, 3.3747222222222 ],
        [ 39.983611111111, 3.3747222222222 ],
        [ 40.145, 3.6011111111111 ]
      ]
    },
    {
      "sector_id": "LECPMXX",
      "lower_limit": 16500,
      "higher_limit": 24500,
      "polygon": [
        [ 39.630277777778, 3.6466666666667 ],
        [ 39.596388888889, 3.6177777777778 ],
        [ 39.596388888889, 3.6177777777778 ],
        [ 39.456388888889, 3.0791666666667 ],
        [ 39.456388888889, 3.0791666666667 ],
        [ 39.583, 3.1289 ],
        [ 39.583, 3.1289 ],
        [ 39.630277777778, 3.6466666666667 ]
      ]
    },
    {
      "sector_id": "LECPMXX",
      "lower_limit": 0,
      "higher_limit": 6000,
      "polygon": [
    [ 40.5, 4.6666666666667 ],
    [ 40.316666666667, 4.4438888888889 ],
    [ 40.316666666667, 4.4438888888889 ],
    [ 39.989722222222, 4.6666666666667 ],
    [ 39.989722222222, 4.6666666666667 ],
    [ 40.031110833333, 4.6666669444444 ],
    [ 40.031110833333, 4.6666669444444 ],
    [ 40.5, 4.6666666666667 ]
      ]
    },
    {
      "sector_id": "LECPMXX",
      "lower_limit": 0,
      "higher_limit": 6000,