{
  "sector_definitions": [
    {
      "sector_id": "DFAN",
      "lower_limit": 0,
      "higher_limit": 13500,
      "polygon": [
        [49.9425, 7.6911111111111],
        [50.043611111111, 7.6866666666667],
        [50.194166666667, 7.6802777777778],
        [50.2, 7.7091666666667],
        [50.2325, 7.8716666666667],
        [50.2975, 8.2002777777778],
        [50.317222222222, 8.2997222222222],
        [50.329444444444, 8.3636111111111],
        [50.346111111111, 8.4486111111111],
        [50.376944444444, 8.6091666666667],
        [50.401666666667, 8.7369444444444],
        [50.431388888889, 8.8955555555556],
        [50.461944444444, 9.0566666666667],
        [50.520277777778, 9.3708333333333],
        [50.510833333333, 9.4861111111111],
        [50.453333333333, 9.5836111111111],
        [50.423611111111, 9.5905555555556],
        [50.286111111111, 9.6222222222222],
        [49.9775, 9.6925],
        [49.924166666667, 9.7047222222222],
        [49.775555555556, 9.5375],
        [49.755555555556, 9.515],
        [49.745833333333, 9.2811111111111],
        [49.743055555556, 9.2161111111111],
        [49.734444444444, 9.1341666666667],
        [49.732222222222, 9.1133333333333],
        [49.716111111111, 8.9605555555556],
        [49.696388888889, 8.7769444444444],
        [49.681111111111, 8.4911111111111],
        [49.678055555556, 8.4377777777778],
        [49.662777777778, 8.1675],
        [49.7475, 7.9327777777778],
        [49.829722222222, 7.7027777777778],
        [49.832222222222, 7.6958333333333],
        [49.9425, 7.6911111111111]
      ]
    }
  ]
}
