{
  "sector_definitions": [
    {
      "sector_id": "HKCTAW",
      "lower_limit": 6500,
      "higher_limit": 9500,
      "polygon": [
        [60.601666666667, 24.063333333333],
        [60.6, 24.270555555556],
        [60.447777777778, 24.043611111111],
        [59.913055555556, 23.824444444444],
        [59.7, 23.991944444444],
        [59.648055555556, 23.7525],
        [59.917777777778, 23.538055555556],
        [59.952222222222, 23.598055555556],
        [60.006111111111, 23.692777777778],
        [60.256944444444, 23.793888888889],
        [60.389444444444, 23.848055555556],
        [60.482222222222, 23.886111111111],
        [60.601666666667, 24.063333333333]
      ]
    },
    {
      "sector_id": "HKCTAE",
      "lower_limit": 6500,
      "higher_limit": 9500,
      "polygon": [
        [60.954444444444, 25.44],
        [60.914722222222, 25.543333333333],
        [60.747777777778, 25.971666666667],
        [60.7225, 26.004444444444],
        [60.588055555556, 26.303611111111],
        [60.543611111111, 26.233611111111],
        [60.149722222222, 26.727222222222],
        [60.133333333333, 26.55],
        [60.452222222222, 26.133055555556],
        [60.692222222222, 25.841666666667],
        [60.830833333333, 25.485833333333],
        [60.820277777778, 24.782222222222],
        [60.949722222222, 25.086666666667],
        [60.954444444444, 25.44]
      ]
    },
    {
      "sector_id": "HKTMAL",
      "lower_limit": 1300,
      "higher_limit": 2500,
      "polygon": [
        [60.700555555556, 25.322222222222],
        [60.481944444444, 25.721944444444],
        [60.166111111111, 25.451111111111],
        [60.055, 25.029444444444],
        [59.971666666667, 24.511944444444],
        [60.185277777778, 24.098611111111],
        [60.317777777778, 24.385277777778],
        [60.436666666667, 24.389722222222],
        [60.557777777778, 24.643333333333],
        [60.700555555556, 25.322222222222]
      ]
    },
    {
      "sector_id": "HKTMAU",
      "lower_limit": 2500,
      "higher_limit": 28500,
      "polygon": [
        [60.820277777778, 24.782222222222],
        [60.830833333333, 25.485833333333],
        [60.692222222222, 25.841666666667],
        [60.452222222222, 26.133055555556],
        [60.133333333333, 26.55],
        [59.883333333333, 25.866666666667],
        [59.908333333333, 25.333333333333],
        [59.890833333333, 24.996944444444],
        [59.883333333333, 24.85],
        [59.7, 23.991944444444],
        [59.913055555556, 23.824444444444],
        [60.447777777778, 24.043611111111],
        [60.7425, 24.485555555556],
        [60.820277777778, 24.782222222222]
      ]
    }
  ]
}
