{
  "sector_definitions": [
    {
      "sector_id": "DMNH",
      "lower_limit": 0,
      "higher_limit": 19500,
      "polygon": [
        [48.669444444444, 11.183333333333],
        [48.667777777778, 11.320833333333],
        [48.667777777778, 11.511666666667],
        [48.6675, 11.794166666667],
        [48.667222222222, 12.144722222222],
        [48.666666666667, 12.24],
        [48.581944444444, 12.573888888889],
        [48.414166666667, 12.614444444444],
        [48.353888888889, 11.786111111111],
        [48.290833333333, 11.0],
        [48.305833333333, 11.0],
        [48.363888888889, 11.0],
        [48.395277777778, 10.953888888889],
        [48.433333333333, 10.896944444444],
        [48.505555555556, 10.7875],
        [48.585, 10.85],
        [48.624444444444, 10.904444444444],
        [48.666666666667, 10.966666666667],
        [48.669444444444, 11.183333333333]
      ]
    },
    {
      "sector_id": "DMSH",
      "lower_limit": 0,
      "higher_limit": 13500,
      "polygon": [
        [48.414166666667, 12.614444444444],
        [48.273611111111, 12.666666666667],
        [48.266388888889, 12.697222222222],
        [48.2475, 12.676111111111],
        [48.147222222222, 12.7125],
        [48.0525, 12.5125],
        [48.047222222222, 12.4575],
        [48.040833333333, 12.380833333333],
        [47.998888888889, 11.943888888889],
        [47.989166666667, 11.849722222222],
        [47.963611111111, 11.596388888889],
        [47.928611111111, 11.262777777778],
        [47.915833333333, 11.103333333333],
        [48.030555555556, 11],
        [48.221666666667, 11],
        [48.290833333333, 11],
        [48.353888888889, 11.786111111111],
        [48.414166666667, 12.614444444444]
      ]
    }
  ]
}
