{
  "sector_definitions": [
    {
      "sector_id": "LEMDALN",
      "lower_limit": 0,
      "higher_limit": 24500,
      "polygon": [
        [41.501666667, -2.368888889],
        [41.500277778, -2.775555556],
        [41.500555556, -3.189166667],
        [41.5, -3.418055556],
        [41.5, -4.204166667],
        [41.326736111, -4.4218],
        [41.221666667, -4.552777778],
        [41.175, -4.611111111],
        [41.116111111, -4.611111111],
        [40.883333333, -4.611111111],
        [40.650555556, -4.611111111],
        [40.310555556, -4.611111111],
        [40.154166667, -4.611111111],
        [39.938888889, -4.611111111],
        [39.552777778, -4.134722222],
        [39.583333333, -3.194444444],
        [39.590277778, -2.918055556],
        [40.088888889, -2.158333333],
        [40.7175, -2.158333333],
        [40.796405556, -2.158333333],
        [41.033333333, -1.942655556],
        [41.033333333, -2.158333333],
        [41.033333333, -2.180369444],
        [41.033333333, -2.416666667],
        [41.033333333, -2.5],
        [41.3, -2.5],
        [41.501666667, -2.368888889]
      ]
    },
    {
      "sector_id": "LEMDALN",
      "lower_limit": 3000,
      "higher_limit": 24500,
      "polygon": [
        [40.65, -3.541666667],
        [40.65, -3.563055556],
        [40.65, -3.616666667],
        [40.5675, -3.692777778],
        [40.508333333, -3.75],
        [40.466666667, -3.833333333],
        [40.383333333, -3.833333333],
        [40.356594722, -3.8014425],
        [40.345833333, -3.788611111],
        [40.295277778, -3.816111111],
        [40.244444444, -3.788611111],
        [40.223333333, -3.722222222],
        [40.229316667, -3.669119444],
        [40.284166667, -3.628888889],
        [40.295277778, -3.628055556],
        [40.366666667, -3.583333333],
        [40.366666667, -3.555555556],
        [40.361111111, -3.5125],
        [40.361111111, -3.5],
        [40.363100833, -3.486570556],
        [40.366666667, -3.4625],
        [40.369186111, -3.450175],
        [40.373611111, -3.426388889],
        [40.374284444, -3.424561667],
        [40.383333333, -3.4],
        [40.388888889, -3.389166667],
        [40.428786667, -3.456313333],
        [40.432045833, -3.461800278],
        [40.471388889, -3.528055556],
        [40.440995, -3.358393889],
        [40.4375, -3.338888889],
        [40.442760278, -3.3379975],
        [40.470277778, -3.333333333],
        [40.454725556, -3.2591825],
        [40.454722222, -3.259166667],
        [40.451076389, -3.241892778],
        [40.442629722, -3.201878333],
        [40.4, -3.0],
        [40.479263889, -3.100260833],
        [40.518805833, -3.150321944],
        [40.543333333, -3.181388889],
        [40.634166667, -3.314722222],
        [40.581111111, -3.459166667],
        [40.580555556, -3.4725],
        [40.577777778, -3.543055556],
        [40.65, -3.541666667]
      ]
    }
  ]
}
