{
  "sector_definitions": [
    {
      "sector_id": "LEMDALN",
      "lower_limit": 0,
      "higher_limit": 24500,
      "polygon": [
        [41.501666667, -2.368888889],
        [41.500277778, -2.775555556],
        [41.500555556, -3.189166667],
        [41.5, -3.418055556],
        [41.5, -4.204166667],
        [41.326736111, -4.4218],
        [41.221666667, -4.552777778],
        [41.175, -4.611111111],
        [41.116111111, -4.611111111],
        [40.883333333, -4.611111111],
        [40.650555556, -4.611111111],
        [40.310555556, -4.611111111],
        [40.154166667, -4.611111111],
        [39.938888889, -4.611111111],
        [39.552777778, -4.134722222],
        [39.583333333, -3.194444444],
        [39.590277778, -2.918055556],
        [40.088888889, -2.158333333],
        [40.7175, -2.158333333],
        [40.796405556, -2.158333333],
        [41.033333333, -1.942655556],
        [41.033333333, -2.158333333],
        [41.033333333, -2.180369444],
        [41.033333333, -2.416666667],
        [41.033333333, -2.5],
        [41.3, -2.5],
        [41.501666667, -2.368888889]
      ]
    }
  ]
}
