{
  "sector_definitions": [
    {
      "sector_id": "LECPIXX",
      "lower_limit": 0,
      "higher_limit": 24500,
      "polygon": [
        [39.19888889, 2.51861111],
        [39.16972222, 2.57361111],
        [39.17972222, 2.6125],
        [39.25611111, 2.91083333],
        [39.32555556, 3.185],
        [39.05229167, 3.40301667],
        [38.75097222, 2.22811111],
        [38.7335, 2.18565278],
        [38.60861111, 1.88444444],
        [38.43333333, 1.46666667],
        [38.60833333, 1.11805556],
        [38.60833333, 1.05472222],
        [38.41, 0.42611111],
        [38.5, 0.48333333],
        [38.60830278, 0.48333333],
        [38.81972222, 0.48333333],
        [38.92055556, 0.48333333],
        [38.94194444, 0.48333333],
        [39.0641, 0.48333333],
        [39.13611111, 0.48333333],
        [39.25, 0.48333333],
        [39.26944444, 0.47083333],
        [39.29055556, 1.16888889],
        [39.29666667, 1.38305556],
        [39.29833333, 1.43416667],
        [39.305, 1.6575],
        [39.30833333, 1.75138889],
        [39.31583333, 1.94888889],
        [39.32765833, 2.27364444],
        [39.32388889, 2.28083333],
        [39.28055556, 2.36388889],
        [39.21277778, 2.49194444],
        [39.19888889, 2.51861111]
      ]
    },
    {
      "sector_id": "LECPIXX",
      "lower_limit": 0,
      "higher_limit": 24500,
      "polygon": [
        [39.01027778, 1.5675],
        [38.89888889, 1.2975],
        [38.92166667, 1.28194444],
        [38.89419444, 1.21563889],
        [38.87777778, 1.17611111],
        [38.84679444, 1.197325],
        [38.77315278, 1.24734444],
        [38.71972222, 1.28361111],
        [38.77305556, 1.41222222],
        [38.75277778, 1.42611111],
        [38.82666667, 1.60472222],
        [38.90055556, 1.55472222],
        [38.92833333, 1.62277778],
        [39.01027778, 1.5675]
      ]
    },
    {
      "sector_id": "LECPIXX",
      "lower_limit": 2500,
      "higher_limit": 24500,
      "polygon": [
        [38.77315278, 1.24734444],
        [38.84679444, 1.197325],
        [38.87777778, 1.17611111],
        [38.89419444, 1.21563889],
        [38.92166667, 1.28194444],
        [38.89888889, 1.2975],
        [39.01027778, 1.5675],
        [38.92833333, 1.62277778],
        [38.90055556, 1.55472222],
        [38.82666667, 1.60472222],
        [38.75277778, 1.42611111],
        [38.77305556, 1.41222222],
        [38.71972222, 1.28361111],
        [38.77315278, 1.24734444]
      ]
    },
    {
      "sector_id": "LECPAPR",
      "lower_limit": 0,
      "higher_limit": 13500,
      "polygon": [
        [39.32555556, 3.185],
        [39.45805556, 3.07861111],
        [39.59638889, 3.61777778],
        [39.45638889, 3.49861111],
        [39.35861111, 3.31638889],
        [39.32555556, 3.185]
      ]
    },
    {
      "sector_id": "LECPAPR",
      "lower_limit": 0,
      "higher_limit": 14500,
      "polygon": [
        [39.50353861, 2.64550333],
        [39.48333333, 2.70833333],
        [39.50222222, 2.76083333],
        [39.44194444, 2.80083333],
        [39.44666667, 2.88055556],
        [39.45805556, 3.07861111],
        [39.32555556, 3.185],
        [39.25611111, 2.91083333],
        [39.17972222, 2.6125],
        [39.16972222, 2.57361111],
        [39.19888889, 2.51861111],
        [39.21277778, 2.49194444],
        [39.28055556, 2.36388889],
        [39.32388889, 2.28083333],
        [39.32765833, 2.27364444],
        [39.38583333, 2.1625],
        [39.45611111, 2.02805556],
        [39.55666667, 2.10361111],
        [39.62388889, 2.15444444],
        [39.7075, 2.2175],
        [39.74694444, 2.3825],
        [39.64805556, 2.44916667],
        [39.55972222, 2.50861111],
        [39.55444444, 2.59611111],
        [39.50361111, 2.64527778],
        [39.50353861, 2.64550333]
      ]
    },
    {
      "sector_id": "LECPAPR",
      "lower_limit": 0,
      "higher_limit": 16500,
      "polygon": [
        [39.95416667, 2.48361111],
        [39.84166667, 2.60361111],
        [39.88444444, 2.67194444],
        [39.73055556, 2.86138889],
        [39.66361111, 2.97361111],
        [39.6325, 3.02527778],
        [39.66777778, 3.1625],
        [39.58333333, 3.12861111],
        [39.63027778, 3.64666667],
        [39.59638889, 3.61777778],
        [39.45805556, 3.07861111],
        [39.44666667, 2.88055556],
        [39.44194444, 2.80083333],
        [39.50222222, 2.76083333],
        [39.52611111, 2.82777778],
        [39.57973611, 2.80126917],
        [39.68333333, 2.75],
        [39.68055556, 2.64972222],
        [39.60277778, 2.58472222],
        [39.55444444, 2.59611111],
        [39.55972222, 2.50861111],
        [39.64805556, 2.44916667],
        [39.74694444, 2.3825],
        [39.84111111, 2.31888889],
        [40.07083333, 2.3625],
        [39.95416667, 2.48361111]
      ]
    },
    {
      "sector_id": "LECPAPR",
      "lower_limit": 0,
      "higher_limit": 20500,
      "polygon": [
        [40.17277778, 2.38194444],
        [39.89555556, 3.25388889],
        [39.98305556, 3.37555556],
        [40.145, 3.60111111],
        [39.90884722, 3.62199167],
        [39.89361111, 3.62333333],
        [39.75527778, 3.63555556],
        [39.63027778, 3.64666667],
        [39.58333333, 3.12861111],
        [39.66777778, 3.1625],
        [39.6325, 3.02527778],
        [39.66361111, 2.97361111],
        [39.73055556, 2.86138889],
        [39.88444444, 2.67194444],
        [39.84166667, 2.60361111],
        [39.95416667, 2.48361111],
        [40.07083333, 2.3625],
        [40.17277778, 2.38194444]
      ]
    },
    {
      "sector_id": "LECPAPR",
      "lower_limit": 0,
      "higher_limit": 24500,
      "polygon": [
        [40.5, 3.56916667],
        [40.145, 3.60111111],
        [39.98305556, 3.37555556],
        [39.89555556, 3.25388889],
        [40.17277778, 2.38194444],
        [40.44785556, 2.29499722],
        [40.5, 2.35833333],
        [40.5, 2.53277778],
        [40.5, 2.69055556],
        [40.50000556, 2.90895556],
        [40.5, 3.02555556],
        [40.5, 3.13944444],
        [40.50067556, 3.36678333],
        [40.5, 3.56916667]
      ]
    },
    {
      "sector_id": "LECPAPR",
      "lower_limit": 3500,
      "higher_limit": 14500,
      "polygon": [
        [39.50222222, 2.76083333],
        [39.48333333, 2.70833333],
        [39.50353861, 2.64550333],
        [39.50361111, 2.64527778],
        [39.55444444, 2.59611111],
        [39.54583333, 2.73166667],
        [39.50222222, 2.76083333]
      ]
    },
    {
      "sector_id": "LECPAPR",
      "lower_limit": 3500,
      "higher_limit": 16500,
      "polygon": [
        [39.52611111, 2.82777778],
        [39.50222222, 2.76083333],
        [39.54583333, 2.73166667],
        [39.55444444, 2.59611111],
        [39.60277778, 2.58472222],
        [39.68055556, 2.64972222],
        [39.68333333, 2.75],
        [39.57973611, 2.80126917],
        [39.52611111, 2.82777778]
      ]
    }
  ]
}
