{
  "sector_definitions": [
    {
      "sector_id": "GE",
      "lower_limit": 0,
      "higher_limit": 24500,
      "polygon": [
        [57.960833333333, 11.633333333333],
        [57.948888888889, 11.973611111111],
        [57.695, 12.061666666667],
        [57.656111111111, 12.29],
        [57.650277777778, 12.373611111111],
        [57.430277777778, 12.429166666667],
        [57.308055555556, 12.156388888889],
        [56.985555555556, 11.766111111111],
        [57.751388888889, 11.140555555556],
        [57.94, 11.526388888889],
        [57.960833333333, 11.633333333333]
      ]
    },
    {
      "sector_id": "GE",
      "lower_limit": 0,
      "higher_limit": 15500,
      "polygon": [
        [58.766111111111, 12.4975],
        [58.732777777778, 13.163888888889],
        [58.516944444444, 13.324444444444],
        [58.295277777778, 13.324444444444],
        [58.096944444444, 13.276944444444],
        [57.767222222222, 13.199166666667],
        [57.2275, 12.695833333333],
        [56.985555555556, 11.766111111111],
        [57.308055555556, 12.156388888889],
        [57.430277777778, 12.429166666667],
        [57.650277777778, 12.373611111111],
        [57.656111111111, 12.29],
        [57.695, 12.061666666667],
        [57.948888888889, 11.973611111111],
        [57.960833333333, 11.633333333333],
        [57.94, 11.526388888889],
        [57.751388888889, 11.140555555556],
        [58.127777777778, 11.450277777778],
        [58.465277777778, 11.9975],
        [58.645555555556, 12.295555555556],
        [58.766111111111, 12.4975]
      ]
    }
  ]
}
