{
  "sector_definitions": [
    {
      "sector_id": "LEMGALL",
      "lower_limit": 0,
      "higher_limit": 14500,
      "polygon": [
        [36.76593333, -3.93892222],
        [36.61666667, -3.86666667],
        [36.40157222, -3.86666667],
        [36.33722222, -3.86666667],
        [36.18333333, -3.86666667],
        [36.18937222, -4.05905278],
        [36.2075, -4.63666667],
        [36.44277778, -5.02111111],
        [36.85, -5.14861111],
        [36.93063611, -5.14861111],
        [37.35277778, -5.14861111],
        [37.38333333, -5.10055556],
        [37.38333333, -4.96756944],
        [37.38333333, -4.75],
        [37.38333333, -4.70694444],
        [37.37343333, -4.64124167],
        [37.33631667, -4.39488333],
        [37.3075, -4.20361389],
        [37.01754444, -4.05876389],
        [37, -4.05],
        [36.98888889, -4.04444444],
        [36.76593333, -3.93892222]
      ]
    },
    {
      "sector_id": "LEMGALL",
      "lower_limit": 0,
      "higher_limit": 14500,
      "polygon": [
        [36.60795833, -4.53209722],
        [36.60290556, -4.49776944],
        [36.60881944, -4.46365556],
        [36.62184167, -4.44025],
        [36.62475, -4.43486667],
        [36.64842222, -4.41596944],
        [36.66012778, -4.41330278],
        [36.67609167, -4.40966389],
        [36.70360278, -4.41698056],
        [36.72850833, -4.44018889],
        [36.74203333, -4.46618333],
        [36.74709444, -4.50056944],
        [36.74319444, -4.523075],
        [36.74116944, -4.53474167],
        [36.72520833, -4.56355],
        [36.71509444, -4.57154722],
        [36.70151944, -4.58241944],
        [36.67190556, -4.58859444],
        [36.64634167, -4.58128889],
        [36.62146111, -4.55806389],
        [36.60795833, -4.53209722]
      ]
    },
    {
      "sector_id": "LEMGALL",
      "lower_limit": 3000,
      "higher_limit": 14500,
      "polygon": [
        [36.60881944, -4.46365556],
        [36.60290556, -4.49776944],
        [36.60795833, -4.53209722],
        [36.62146111, -4.55806389],
        [36.64634167, -4.58128889],
        [36.67190556, -4.58859444],
        [36.70151944, -4.58241944],
        [36.71509444, -4.57154722],
        [36.72520833, -4.56355],
        [36.74116944, -4.53474167],
        [36.74319444, -4.523075],
        [36.74709444, -4.50056944],
        [36.74203333, -4.46618333],
        [36.72850833, -4.44018889],
        [36.70360278, -4.41698056],
        [36.67609167, -4.40966389],
        [36.66012778, -4.41330278],
        [36.64842222, -4.41596944],
        [36.62475, -4.43486667],
        [36.62184167, -4.44025],
        [36.60881944, -4.46365556]
      ]
    },
    {
      "sector_id": "LEMGALL",
      "lower_limit": 0,
      "higher_limit": 14500,
      "polygon": [
        [36.76593333, -3.93892222],
        [36.61666667, -3.86666667],
        [36.40157222, -3.86666667],
        [36.33722222, -3.86666667],
        [36.18333333, -3.86666667],
        [36.18937222, -4.05905278],
        [36.2075, -4.63666667],
        [36.44277778, -5.02111111],
        [36.85, -5.14861111],
        [36.93063611, -5.14861111],
        [37.35277778, -5.14861111],
        [37.38333333, -5.10055556],
        [37.38333333, -4.96756944],
        [37.38333333, -4.75],
        [37.38333333, -4.70694444],
        [37.37343333, -4.64124167],
        [37.33631667, -4.39488333],
        [37.3075, -4.20361389],
        [37.01754444, -4.05876389],
        [37, -4.05],
        [36.98888889, -4.04444444],
        [36.76593333, -3.93892222]
      ]
    },
    {
      "sector_id": "LEMGALL",
      "lower_limit": 0,
      "higher_limit": 14500,
      "polygon": [
        [36.60795833, -4.53209722],
        [36.60290556, -4.49776944],
        [36.60881944, -4.46365556],
        [36.62184167, -4.44025],
        [36.62475, -4.43486667],
        [36.64842222, -4.41596944],
        [36.66012778, -4.41330278],
        [36.67609167, -4.40966389],
        [36.70360278, -4.41698056],
        [36.72850833, -4.44018889],
        [36.74203333, -4.46618333],
        [36.74709444, -4.50056944],
        [36.74319444, -4.523075],
        [36.74116944, -4.53474167],
        [36.72520833, -4.56355],
        [36.71509444, -4.57154722],
        [36.70151944, -4.58241944],
        [36.67190556, -4.58859444],
        [36.64634167, -4.58128889],
        [36.62146111, -4.55806389],
        [36.60795833, -4.53209722]
      ]
    },
    {
      "sector_id": "LEMGALL",
      "lower_limit": 3000,
      "higher_limit": 14500,
      "polygon": [
        [36.60881944, -4.46365556],
        [36.60290556, -4.49776944],
        [36.60795833, -4.53209722],
        [36.62146111, -4.55806389],
        [36.64634167, -4.58128889],
        [36.67190556, -4.58859444],
        [36.70151944, -4.58241944],
        [36.71509444, -4.57154722],
        [36.72520833, -4.56355],
        [36.74116944, -4.53474167],
        [36.74319444, -4.523075],
        [36.74709444, -4.50056944],
        [36.74203333, -4.46618333],
        [36.72850833, -4.44018889],
        [36.70360278, -4.41698056],
        [36.67609167, -4.40966389],
        [36.66012778, -4.41330278],
        [36.64842222, -4.41596944],
        [36.62475, -4.43486667],
        [36.62184167, -4.44025],
        [36.60881944, -4.46365556]
      ]
    }
  ]
}
