{
  "sector_definitions": [
    {
      "sector_id": "EGLLINT27",
      "lower_limit": 0,
      "higher_limit": 8500,
      "polygon": [
        [51.4775, -0.46138888888889],
        [51.726111111111, -0.54972222222222],
        [51.655833333333, -0.32583333333333],
        [51.646111111111, 0.15166666666667],
        [51.505277777778, 0.055277777777778],
        [51.472315277778, 0.051030833333333],
        [51.330875, 0.034811111111111],
        [51.305, -0.44722222222222],
        [51.4775, -0.46138888888889]
      ]
    }
  ]
}
