{
  "sector_definitions": [
    {
      "sector_id": "TMA E",
      "lower_limit": 0,
      "higher_limit": 21500,
      "polygon": [
        [60.804444444444, 11.6425],
        [60.797222222222, 11.695833333333],
        [60.826388888889, 11.745833333333],
        [60.875, 11.829166666667],
        [60.815355555556, 12],
        [60.747077777778, 12.194019444444],
        [60.7125, 12.291666666667],
        [60.5, 12.341666666667],
        [60.403888888889, 12.339444444444],
        [60.378126666667, 12.342664444444],
        [60.308333333333, 12.351388888889],
        [60.223611111111, 12.361111111111],
        [60.097222222222, 12.261111111111],
        [60.050336111111, 12.224130555556],
        [60.018294444444, 12.198925],
        [59.917743611111, 12.1201675],
        [59.890555555556, 12.098888888889],
        [59.780277777778, 12.108611111111],
        [59.488888888889, 11.908333333333],
        [59.366666666667, 11.794444444444],
        [59.3925, 11.633333333333],
        [59.408, 11.536613888889],
        [59.419619444444, 11.464113888889],
        [59.473611111111, 11.122222222222],
        [59.541866666667, 10.697222222222],
        [59.604166666667, 10.3],
        [59.633611111111, 10.106944444444],
        [59.656944444444, 9.9527777777778],
        [59.684166666667, 9.7697222222222],
        [59.709722222222, 9.5955555555556],
        [59.922222222222, 9.6888888888889],
        [60.183333333333, 9.8194444444444],
        [60.491666666667, 9.975],
        [60.729166666667, 10.1],
        [60.783333333333, 10.226388888889],
        [60.925, 10.558333333333],
        [60.938888888889, 10.95],
        [60.877777777778, 11.072222222222],
        [60.853611111111, 11.261111111111],
        [60.804444444444, 11.6425]
      ]
    }
  ]
}