{
  "sector_definitions": [
    {
      "sector_id": "LECPIXX",
      "lower_limit": 0,
      "higher_limit": 24500,
      "polygon": [
        [39.19888889, 2.51861111],
        [39.16972222, 2.57361111],
        [39.17972222, 2.6125],
        [39.25611111, 2.91083333],
        [39.32555556, 3.185],
        [39.05229167, 3.40301667],
        [38.75097222, 2.22811111],
        [38.7335, 2.18565278],
        [38.60861111, 1.88444444],
        [38.43333333, 1.46666667],
        [38.60833333, 1.11805556],
        [38.60833333, 1.05472222],
        [38.41, 0.42611111],
        [38.5, 0.48333333],
        [38.60830278, 0.48333333],
        [38.81972222, 0.48333333],
        [38.92055556, 0.48333333],
        [38.94194444, 0.48333333],
        [39.0641, 0.48333333],
        [39.13611111, 0.48333333],
        [39.25, 0.48333333],
        [39.26944444, 0.47083333],
        [39.29055556, 1.16888889],
        [39.29666667, 1.38305556],
        [39.29833333, 1.43416667],
        [39.305, 1.6575],
        [39.30833333, 1.75138889],
        [39.31583333, 1.94888889],
        [39.32765833, 2.27364444],
        [39.32388889, 2.28083333],
        [39.28055556, 2.36388889],
        [39.21277778, 2.49194444],
        [39.19888889, 2.51861111]
      ]
    },
    {
      "sector_id": "LECPIXX",
      "lower_limit": 0,
      "higher_limit": 24500,
      "polygon": [
        [39.01027778, 1.5675],
        [38.89888889, 1.2975],
        [38.92166667, 1.28194444],
        [38.89419444, 1.21563889],
        [38.87777778, 1.17611111],
        [38.84679444, 1.197325],
        [38.77315278, 1.24734444],
        [38.71972222, 1.28361111],
        [38.77305556, 1.41222222],
        [38.75277778, 1.42611111],
        [38.82666667, 1.60472222],
        [38.90055556, 1.55472222],
        [38.92833333, 1.62277778],
        [39.01027778, 1.5675]
      ]
    },
    {
      "sector_id": "LECPIXX",
      "lower_limit": 2500,
      "higher_limit": 24500,
      "polygon": [
        [38.77315278, 1.24734444],
        [38.84679444, 1.197325],
        [38.87777778, 1.17611111],
        [38.89419444, 1.21563889],
        [38.92166667, 1.28194444],
        [38.89888889, 1.2975],
        [39.01027778, 1.5675],
        [38.92833333, 1.62277778],
        [38.90055556, 1.55472222],
        [38.82666667, 1.60472222],
        [38.75277778, 1.42611111],
        [38.77305556, 1.41222222],
        [38.71972222, 1.28361111],
        [38.77315278, 1.24734444]
      ]
    }
  ]
}
