{
  "sector_definitions": [
    {
      "sector_id": "LECSAPT",
      "lower_limit": 0,
      "higher_limit": 10500,
      "polygon": [
        [38.105, -4.30361111],
        [37.77083333, -4.22638889],
        [37.53333333, -4.37388889],
        [37.33631667, -4.39488333],
        [37.37343333, -4.64124167],
        [37.38333333, -4.70694444],
        [37.38333333, -4.75],
        [37.38333333, -4.96756944],
        [37.38333333, -5.10055556],
        [37.35277778, -5.14861111],
        [37.37833333, -5.16194444],
        [37.53333333, -5.16472222],
        [37.98777778, -5.11944444],
        [38.28777778, -4.97416667],
        [38.32833333, -4.67583333],
        [38.19222222, -4.44833333],
        [38.105, -4.30361111]
      ]
    },
    {
      "sector_id": "LECSAPT",
      "lower_limit": 0,
      "higher_limit": 10500,
      "polygon": [
        [38.05, -4.7],
        [38, -4.76666667],
        [38.03386111, -4.80894444],
        [37.99102778, -4.86591667],
        [37.85222222, -4.95777778],
        [37.67138889, -5.01],
        [37.57055556, -4.76833333],
        [37.61783611, -4.70423611],
        [37.66194444, -4.64444444],
        [37.72833333, -4.60027778],
        [37.91058333, -4.53575],
        [37.933725, -4.56369444],
        [37.99277778, -4.635],
        [38.03694444, -4.66111111],
        [38.05, -4.7]
      ]
    },
    {
      "sector_id": "LECSAPT",
      "lower_limit": 3000,
      "higher_limit": 10500,
      "polygon": [
        [37.91058333, -4.53575],
        [37.72833333, -4.60027778],
        [37.66194444, -4.64444444],
        [37.61783611, -4.70423611],
        [37.57055556, -4.76833333],
        [37.67138889, -5.01],
        [37.85222222, -4.95777778],
        [37.99102778, -4.86591667],
        [38.03386111, -4.80894444],
        [38, -4.76666667],
        [38.05, -4.7],
        [38.03694444, -4.66111111],
        [37.99277778, -4.635],
        [37.933725, -4.56369444],
        [37.91058333, -4.53575]
      ]
    },
    {
      "sector_id": "LECSAPT",
      "lower_limit": 0,
      "higher_limit": 20500,
      "polygon": [
        [37.53333333, -5.16472222],
        [37.37833333, -5.16194444],
        [37.35277778, -5.14861111],
        [36.93063611, -5.14861111],
        [36.85, -5.14861111],
        [36.44277778, -5.02111111],
        [36.16666667, -5.66666667],
        [35.83333333, -5.7],
        [35.83333333, -5.95444444],
        [35.83333333, -6.23916667],
        [35.83333333, -6.32388889],
        [35.83333333, -6.45083333],
        [35.83340833, -6.55131389],
        [35.83333333, -6.63222222],
        [35.83333333, -6.7175],
        [36.23725278, -6.31558056],
        [36.23888889, -6.88055556],
        [36.89166667, -7.13333333],
        [37.175, -6.83333333],
        [37.20166667, -6.68027778],
        [37.31666667, -6.66666667],
        [37.42416667, -6.54277778],
        [38, -5.88333333],
        [37.98777778, -5.11944444],
        [37.53333333, -5.16472222]
      ]
    },
    {
      "sector_id": "LECSAPT",
      "lower_limit": 0,
      "higher_limit": 20500,
      "polygon": [
        [37.50055556, -6.07805556],
        [37.37555556, -6.07694444],
        [37.37583333, -6.02416667],
        [37.35639444, -6.01076389],
        [37.33492778, -5.988125],
        [37.31726389, -5.94918611],
        [37.30985, -5.90876111],
        [37.31611944, -5.85234722],
        [37.3342, -5.81262778],
        [37.36514444, -5.77905278],
        [37.37666667, -5.77333333],
        [37.37666667, -5.73694444],
        [37.50194444, -5.73694444],
        [37.50055556, -6.07805556]
      ]
    },
    {
      "sector_id": "LECSAPT",
      "lower_limit": 0,
      "higher_limit": 20500,
      "polygon": [
        [37.10587222, -5.64154167],
        [37.10296389, -5.61362778],
        [37.1071, -5.58595556],
        [37.117875, -5.56122778],
        [37.13424167, -5.54186111],
        [37.1546, -5.52974722],
        [37.17695556, -5.52608611],
        [37.19912222, -5.53123333],
        [37.21893056, -5.5447],
        [37.23443889, -5.56516944],
        [37.24412222, -5.59063333],
        [37.24703611, -5.6186],
        [37.24289167, -5.64631944],
        [37.23209444, -5.671075],
        [37.21570833, -5.69043889],
        [37.19533611, -5.70251389],
        [37.17297778, -5.706125],
        [37.15081944, -5.70092778],
        [37.13103056, -5.68743611],
        [37.11554444, -5.66697222],
        [37.10587222, -5.64154167]
      ]
    },
    {
      "sector_id": "LECSAPT",
      "lower_limit": 0,
      "higher_limit": 20500,
      "polygon": [
        [36.76381111, -6.20712222],
        [36.72276667, -6.20656389],
        [36.68392778, -6.18880833],
        [36.65231389, -6.15563611],
        [36.62637778, -6.09536389],
        [36.62916667, -6.03916667],
        [36.63239167, -6.00926667],
        [36.65326944, -5.96501667],
        [36.68521111, -5.93233333],
        [36.72422778, -5.91492778],
        [36.77156944, -5.91653056],
        [36.80411389, -5.93302778],
        [36.835725, -5.96620556],
        [36.85615833, -6.01076389],
        [36.86331667, -6.06195556],
        [36.85564722, -6.11277778],
        [36.83666667, -6.14916667],
        [36.80282778, -6.18995278],
        [36.76381111, -6.20712222]
      ]
    },
    {
      "sector_id": "LECSAPT",
      "lower_limit": 0,
      "higher_limit": 20500,
      "polygon": [
        [36.749475, -6.312325],
        [36.75361111, -6.35415556],
        [36.74712778, -6.39551944],
        [36.73066389, -6.43235833],
        [36.70583611, -6.46105278],
        [36.67508333, -6.47879722],
        [36.64141667, -6.48386667],
        [36.60813889, -6.47578333],
        [36.57849722, -6.45535278],
        [36.55538889, -6.42458056],
        [36.54107222, -6.38647778],
        [36.53694167, -6.34476111],
        [36.54340278, -6.30350278],
        [36.559825, -6.26671944],
        [36.58460556, -6.23801111],
        [36.61532778, -6.22018333],
        [36.64898611, -6.21499722],
        [36.68228889, -6.222975],
        [36.71197222, -6.24335278],
        [36.735125, -6.27414167],
        [36.749475, -6.312325]
      ]
    },
    {
      "sector_id": "LECSAPT",
      "lower_limit": 1900,
      "higher_limit": 20500,
      "polygon": [
        [37.37666667, -5.77333333],
        [37.36514444, -5.77905278],
        [37.3342, -5.81262778],
        [37.31611944, -5.85234722],
        [37.30985, -5.90876111],
        [37.31726389, -5.94918611],
        [37.33492778, -5.988125],
        [37.35639444, -6.01076389],
        [37.37583333, -6.02416667],
        [37.37555556, -6.07694444],
        [37.50055556, -6.07805556],
        [37.50194444, -5.73694444],
        [37.37666667, -5.73694444],
        [37.37666667, -5.77333333]
      ]
    },
    {
      "sector_id": "LECSAPT",
      "lower_limit": 2500,
      "higher_limit": 20500,
      "polygon": [
        [36.72422778, -5.91492778],
        [36.68521111, -5.93233333],
        [36.65326944, -5.96501667],
        [36.63239167, -6.00926667],
        [36.62916667, -6.03916667],
        [36.62637778, -6.09536389],
        [36.65231389, -6.15563611],
        [36.68392778, -6.18880833],
        [36.72276667, -6.20656389],
        [36.76381111, -6.20712222],
        [36.80282778, -6.18995278],
        [36.83666667, -6.14916667],
        [36.85564722, -6.11277778],
        [36.86331667, -6.06195556],
        [36.85615833, -6.01076389],
        [36.835725, -5.96620556],
        [36.80411389, -5.93302778],
        [36.77156944, -5.91653056],
        [36.72422778, -5.91492778]
      ]
    },
    {
      "sector_id": "LECSAPT",
      "lower_limit": 3000,
      "higher_limit": 20500,