{
  "sector_definitions": [
    {
      "sector_id": "SAS",
      "lower_limit": 0,
      "higher_limit": 16500,
      "polygon": [
        [51.698333333333, 14.7125],
        [50.990555555556, 14.916944444444],
        [50.999166666667, 14.725277777778],
        [50.734166666667, 13.7675],
        [50.520555555556, 13.009166666667],
        [50.4325, 12.750555555556],
        [50.537777777778, 12.493333333333],
        [50.610277777778, 12.314444444444],
        [51.366666666667, 13.098055555556],
        [51.408055555556, 13.106388888889],
        [51.508333333333, 13.126388888889],
        [51.508333333333, 13.248611111111],
        [51.508333333333, 13.75],
        [51.698333333333, 14.7]
      ]
    }
  ]
}
