{
  "sector_definitions": [
    {
      "sector_id": "LECLALV",
      "lower_limit": 0,
      "higher_limit": 24500,
      "polygon": [
        [37.28518333, -1.74047222],
        [37.20953056, -1.61250833],
        [37.25625278, -1.28777222],
        [37.20944444, -1.19888889],
        [37.09444444, -1.4875],
        [36.99790556, -1.71496111],
        [37.12795, -1.77986111],
        [37.28518333, -1.74047222]
      ]
    },
    {
      "sector_id": "LECLALV",
      "lower_limit": 0,
      "higher_limit": 24500,
      "polygon": [
        [40.57777778, 0.69861111],
        [40.23138889, 0.69861111],
        [39.85248333, 0.24346667],
        [39.70798889, 0.18953056],
        [39.64916667, 0.2275],
        [39.6, 0.26],
        [39.53861111, 0.29861111],
        [39.43527778, 0.36416667],
        [39.26944444, 0.47083333],
        [39.25, 0.48333333],
        [39.13611111, 0.48333333],
        [39.0641, 0.48333333],
        [38.94194444, 0.48333333],
        [38.92416667, 0.48333333],
        [38.81972222, 0.48333333],
        [38.60830278, 0.48333333],
        [38.5, 0.48333333],
        [38.41, 0.42611111],
        [38.17583333, 0.2775],
        [38.0, 0.16666667],
        [37.48805556, -0.35388889],
        [37.56944444, -0.28888889],
        [37.64777778, -0.25],
        [37.72805556, -0.22833333],
        [37.81, -0.22638889],
        [37.89055556, -0.24194444],
        [37.95666667, -0.26694444],
        [38.0, -0.32083333],
        [38.11666667, -0.46638889],
        [38.11666667, -0.86666667],
        [38.11606389, -1.09301667],
        [38.00328889, -1.41150556],
        [37.94611111, -1.57166667],
        [37.89784167, -1.58425833],
        [37.95944444, -1.675],
        [38.2, -2.03333333],
        [38.41027778, -2.07166667],
        [38.63440278, -2.11449722],
        [39.04388889, -1.44083333],
        [39.45527778, -1.83222222],
        [39.53888889, -1.74527778],
        [39.56666667, -1.65],
        [40.0, -1.36666667],
        [40.0, -1.01055556],
        [40.23083333, -0.93305556],
        [40.23333333, -0.41388889],
        [40.57777778, -0.41388889],
        [40.57777778, 0.69861111]
      ]
    },
    {
      "sector_id": "LECLALV",
      "lower_limit": 0,
      "higher_limit": 24500,
      "polygon": [
        [40.07922222, -0.1045],
        [40.07533333, 0.07752778],
        [40.10194444, 0.05322222],
        [40.16961111, 0.19038889],
        [40.19856111, 0.20260278],
        [40.23111111, 0.20194444],
        [40.23317222, 0.2019],
        [40.26572778, 0.18566111],
        [40.29005278, 0.15888611],
        [40.30880556, 0.11612222],
        [40.31416667, 0.06972222],
        [40.27585, -0.00776944],
        [40.23203333, -0.09614167],
        [40.18413889, -0.19294444],
        [40.07922222, -0.1045]
      ]
    },
    {
      "sector_id": "LECLALV",
      "lower_limit": 0,
      "higher_limit": 24500,
      "polygon": [
        [39.48225, -0.64875],
        [39.36705556, -0.30755556],
        [39.46413889, -0.24575],
        [39.51813889, -0.38691667],
        [39.62483333, -0.61202778],
        [39.635, -0.695],
        [39.67583333, -0.78361111],
        [39.562, -0.87113889],
        [39.51488889, -0.74616667],
        [39.51236111, -0.73858333],
        [39.48225, -0.64875]
      ]
    },
    {
      "sector_id": "LECLALV",
      "lower_limit": 0,
      "higher_limit": 24500,
      "polygon": [
        [38.16821389, -0.46508333],
        [38.16666667, -0.45416667],
        [38.26674444, -0.4315],
        [38.35527778, -0.41138889],
        [38.35636944, -0.418075],
        [38.39157417, -0.63525944],
        [38.39287222, -0.64326944],
        [38.39583333, -0.66166667],
        [38.38814639, -0.66338833],
        [38.29983056, -0.68315556],
        [38.20356389, -0.70463889],
        [38.20194444, -0.705],
        [38.16821389, -0.46508333]
      ]
    },
    {
      "sector_id": "LECLALV",
      "lower_limit": 3000,
      "higher_limit": 24500,
      "polygon": [
        [38.26674444, -0.4315],
        [38.16666667, -0.45416667],
        [38.16821389, -0.46508333],
        [38.20194444, -0.705],
        [38.20356389, -0.70463889],
        [38.29983056, -0.68315556],
        [38.38814639, -0.66338833],
        [38.39583333, -0.66166667],
        [38.39287222, -0.64326944],
        [38.39157417, -0.63525944],
        [38.35636944, -0.418075],
        [38.35527778, -0.41138889],
        [38.26674444, -0.4315]
      ]
    },
    {
      "sector_id": "LECLALV",
      "lower_limit": 3000,
      "higher_limit": 24500,
      "polygon": [
        [39.46413889, -0.24575],
        [39.36705556, -0.30755556],
        [39.48225, -0.64875],
        [39.51236111, -0.73858333],
        [39.51488889, -0.74616667],
        [39.562, -0.87113889],
        [39.67583333, -0.78361111],
        [39.635, -0.695],
        [39.62483333, -0.61202778],
        [39.51813889, -0.38691667],
        [39.46413889, -0.24575]
      ]
    },
    {
      "sector_id": "LECLALV",
      "lower_limit": 4000,
      "higher_limit": 24500,
      "polygon": [
        [40.10194444, 0.05322222],
        [40.07533333, 0.07752778],
        [40.07922222, -0.1045],
        [40.18413889, -0.19294444],
        [40.23203333, -0.09614167],
        [40.27585, -0.00776944],
        [40.31416667, 0.06972222],
        [40.30880556, 0.11612222],
        [40.29005278, 0.15888611],
        [40.26572778, 0.18566111],
        [40.23317222, 0.2019],
        [40.23111111, 0.20194444],
        [40.19856111, 0.20260278],
        [40.16961111, 0.19038889],
        [40.10194444, 0.05322222]
      ]
    },
    {
      "sector_id": "LECLALV",
      "lower_limit": 11500,
      "higher_limit": 24500,
      "polygon": [
        [38.0, -0.32083333],
        [37.95666667, -0.26694444],
        [37.89055556, -0.24194444],
        [37.81, -0.22638889],
        [37.72805556, -0.22833333],
        [37.64777778, -0.25],
        [37.56944444, -0.28888889],
        [37.48805556, -0.35388889],
        [37.44, -0.41222222],
        [37.39055556, -0.48888889],
        [37.35416667, -0.57583333],
        [37.32805556, -0.66166667],
        [37.20944444, -1.19888889],
        [37.25625278, -1.28777222],
        [37.20953056, -1.61250833],
        [37.28518333, -1.74047222],
        [37.4125, -1.70805556],
        [37.44076389, -1.70109167],
        [37.66985, -1.64258056],
        [37.89784167, -1.58425833],
        [37.94611111, -1.57166667],
        [38.00328889, -1.41150556],
        [38.11606389, -1.09301667],
        [38.11666667, -0.86666667],
        [38.11666667, -0.46638889],
        [38.0, -0.32083333]
      ]
    },
    {
      "sector_id": "LECLVAP",
      "lower_limit": 0,
      "higher_limit": 14500,
      "polygon": [
        [40.23083333, -0.93305556],
        [39.64916667, -0.10010833],
        [39.38013611, -0.13473611],
        [39.31141667, -0.14353611],
        [39.25, -0.15138889],
        [38.9675, -0.18833333],
        [38.98583333, -0.74638889],
        [38.99666667, -1.125],
        [39.56666667, -1.65],
        [40.0, -1.36666667],
        [40.0, -1.01055556],
        [40.23083333, -0.93305556]
      ]
    },
    {
      "sector_id": "LECLVAP",
      "lower_limit": 0,
      "higher_limit": 14500,
      "polygon": [
        [39.48225, -0.64875],
        [39.36705556, -0.30755556],
        [39.46413889, -0.24575],
        [39.51813889, -0.38691667],
        [39.62483333, -0.61202778],
        [39.635, -0.695],
        [39.67583333, -0.78361111],
        [39.562, -0.87113889],
        [39.51488889, -0.74616667],
        [39.51236111, -0.73858333],
        [39.48225, -0.64875]
      ]
    },
    {
      "sector_id": "LECLVAP",
      "lower_limit": 3000,
      "higher_limit": 14500,