{
  "sector_definitions": [
    {
      "sector_id": "OMDBARR",
      "lower_limit": 0,
      "higher_limit": 15500,
      "polygon": [
        [25.916666666667, 55.634722222222],
        [25.466666666667, 55.75],
        [25.383333333333, 56.166666666667],
        [25.2193325, 56.127271388889],
        [25.170555555556, 56.115555555556],
        [24.905555555556, 56.051944444444],
        [24.791666666667, 56.025],
        [24.771666666667, 55.994166666667],
        [24.666944444444, 55.833333333333],
        [24.583333333333, 55.833333333333],
        [24.583770833333, 55.636046666667],
        [24.583333333333, 55.45],
        [24.581388888889, 55.405833333333],
        [24.675, 55.241666666667],
        [24.755555555556, 55.080555555556],
        [24.783888888889, 55.098888888889],
        [24.883888888889, 54.899444444444],
        [24.916666666667, 54.833333333333],
        [24.95, 54.412777777778],
        [25.120277777778, 54.525],
        [25.134722222222, 54.525833333333],
        [25.34, 54.536666666667],
        [25.470555555556, 54.651111111111],
        [25.449722222222, 54.73],
        [25.748055555556, 54.971666666667],
        [25.693055555556, 55.145],
        [25.633333333333, 55.333333333333],
        [25.704991388889, 55.409990833333],
        [25.867889166667, 55.582782777778],
        [25.916666666667, 55.634722222222]
      ]
    }
  ]
}
