{
  "sector_definitions": [
    {
      "sector_id": "LEBLALB",
      "lower_limit": 0,
      "higher_limit": 30500,
      "polygon": [
        [42.700833333, 0.432972222],
        [42.706194444, 0.345361111],
        [42.733333333, 0.15],
        [42.7, -0.066666667],
        [42.203888889, -0.246388889],
        [42.097352778, -0.284263889],
        [41.916666667, 0.216666667],
        [41.535, 0.113611111],
        [41.233333333, 0.033333333],
        [41.139444444, -0.621944444],
        [40.981666667, -0.676388889],
        [40.8, -0.739166667],
        [40.230833333, -0.933055556],
        [40.233333333, -0.413888889],
        [40.577777778, -0.413888889],
        [40.577777778, 0.698611111],
        [40.231388889, 0.698611111],
        [39.852483333, 0.243466667],
        [39.707988889, 0.189530556],
        [40.209722222, 0.842222222],
        [40.373333333, 1.075833333],
        [40.548611111, 1.328055556],
        [40.747777778, 1.617222222],
        [40.898968611, 1.838990833],
        [40.998888889, 1.985833333],
        [41.042741667, 1.978111111],
        [41.077763889, 1.971894444],
        [41.077777778, 1.873044444],
        [41.127825, 1.694133333],
        [41.178452778, 1.840230556],
        [41.202966667, 1.825383333],
        [41.239105556, 1.803472222],
        [41.292937222, 1.867488611],
        [41.3431275, 1.9272225],
        [41.416666667, 2.014827778],
        [41.438063889, 2.0],
        [41.516666667, 2.0],
        [41.6, 2.083333333],
        [41.526136111, 2.156080556],
        [41.478611111, 2.202777778],
        [41.416666667, 2.202777778],
        [41.411580556, 2.3069],
        [41.37535, 2.328591667],
        [41.350772222, 2.343291667],
        [41.250091667, 2.330375],
        [41.197316111, 2.253345556],
        [41.177460556, 2.371653889],
        [41.081944444, 2.940277778],
        [41.025555556, 3.265555556],
        [40.916944444, 3.876388889],
        [40.881944444, 4.069444444],
        [41.7775, 4.075],
        [42.068669444, 4.435647222],
        [42.079722222, 4.415],
        [42.083311111, 4.386136111],
        [42.128016667, 4.234525],
        [42.182194444, 4.049630556],
        [42.2025, 3.98],
        [42.341661111, 3.497222222],
        [42.376111111, 3.375555556],
        [42.025555556, 3.394166667],
        [41.9425, 3.389166667],
        [41.799444444, 3.014444444],
        [41.741666667, 2.859444444],
        [41.731111111, 2.777222222],
        [41.739444444, 2.694444444],
        [41.766666667, 2.619166667],
        [41.81, 2.558888889],
        [41.848055556, 2.528333333],
        [41.865, 2.519166667],
        [41.926666667, 2.504166667],
        [41.951944444, 2.505555556],
        [42.073333333, 2.523055556],
        [42.332486111, 2.558411111],
        [42.331911111, 2.519341667],
        [42.376005556, 2.457611111],
        [42.418633333, 2.326086111],
        [42.425, 2.211666667],
        [42.399338889, 2.158625],
        [42.365544444, 2.104652778],
        [42.371666667, 1.983333333],
        [42.444494444, 1.942233333],
        [42.486161111, 1.731158333],
        [42.024722222, 1.808888889],
        [41.970277778, 1.818333333],
        [41.870555556, 1.1325],
        [42.031602778, 0.714058333],
        [42.256111111, 0.7775],
        [42.702422222, 0.694880556],
        [42.693055556, 0.558333333],
        [42.700833333, 0.432972222]
      ]
    },
    {
      "sector_id": "LEBLALB",
      "lower_limit": 5500,
      "higher_limit": 30500,
      "polygon": [
        [41.048655556, 1.177819444],
        [41.05, 1.183333333],
        [41.124941111, 1.381236389],
        [41.132777778, 1.401944444],
        [41.149444444, 1.426666667],
        [41.154994444, 1.426258333],
        [41.172366667, 1.423975],
        [41.182652778, 1.421405556],
        [41.206330556, 1.413444444],
        [41.222661111, 1.405277778],
        [41.238391667, 1.395252778],
        [41.243726389, 1.391056667],
        [41.253402778, 1.383444444],
        [41.267577778, 1.369944444],
        [41.280811111, 1.35485],
        [41.288333333, 1.345],
        [41.240277778, 1.2575],
        [41.237386111, 1.146255556],
        [41.237222222, 1.14],
        [41.221074444, 1.076708056],
        [41.176111111, 0.900555556],
        [41.166494444, 0.898919444],
        [41.149077778, 0.897316667],
        [41.131625, 0.897727778],
        [41.123333333, 0.898611111],
        [41.12, 0.854722222],
        [41.105291667, 0.857386111],
        [41.085372222, 0.863005556],
        [41.0659, 0.870891667],
        [41.047019444, 0.880986111],
        [41.028877778, 0.893208333],
        [41.011608333, 0.907466667],
        [40.995344444, 0.92365],
        [40.988333333, 0.931666667],
        [41.048655556, 1.177819444]
      ]
    },
    {
      "sector_id": "LEBLALB",
      "lower_limit": 0,
      "higher_limit": 24500,
      "polygon": [
        [40.9275, 3.180833333],
        [41.025568611, 3.265480833],
        [41.081944444, 2.940277778],
        [41.177460556, 2.371653889],
        [41.197316111, 2.253345556],
        [41.167077778, 2.209238889],
        [41.077652778, 2.079511111],
        [41.077763889, 1.971894444],
        [41.042741667, 1.978111111],
        [40.998888889, 1.985833333],
        [40.898968611, 1.838990833],
        [40.747777778, 1.617222222],
        [40.548611111, 1.328055556],
        [40.373333333, 1.075833333],
        [40.209722222, 0.842222222],
        [39.707988889, 0.189530556],
        [39.649166667, 0.2275],
        [39.67, 0.64],
        [39.704444444, 1.406666667],
        [39.951266667, 1.683797222],
        [40.090602778, 1.849847222],
        [40.217838889, 2.002316667],
        [40.301144444, 2.107986111],
        [40.653055556, 2.044444444],
        [40.751059167, 2.447768056],
        [40.867777778, 2.928888889],
        [40.9275, 3.180833333]
      ]
    },
    {
      "sector_id": "LEBLALB",
      "lower_limit": 3000,
      "higher_limit": 30500,
      "polygon": [
        [41.250091667, 2.330375],
        [41.350772222, 2.343291667],
        [41.37535, 2.328591667],
        [41.411580556, 2.3069],
        [41.416666667, 2.202777778],
        [41.478611111, 2.202777778],
        [41.526136111, 2.156080556],
        [41.6, 2.083333333],
        [41.516666667, 2.0],
        [41.438063889, 2.0],
        [41.416666667, 2.014827778],
        [41.3431275, 1.9272225],
        [41.292937222, 1.867488611],
        [41.239105556, 1.803472222],
        [41.202966667, 1.825383333],
        [41.178452778, 1.840230556],
        [41.127825, 1.694133333],
        [41.077777778, 1.873044444],
        [41.077763889, 1.971894444],
        [41.104166667, 1.967222222],
        [41.188272778, 2.088726944],
        [41.217777778, 2.131388889],
        [41.211057778, 2.171445556],
        [41.197316111, 2.253345556],
        [41.250091667, 2.330375]
      ]
    },
    {
      "sector_id": "LEBLALB",
      "lower_limit": 6500,
      "higher_limit": 30500,
      "polygon": [
        [42.475, 2.991666667],
        [42.465833333, 2.9075],
        [42.451388889, 2.832222222],
        [42.392105556, 2.695338889],
        [42.334130556, 2.675738889],
        [42.332486111, 2.558411111],
        [42.073333333, 2.523055556],
        [41.951944444, 2.505555556],
        [41.926666667, 2.504166667],
        [41.865, 2.519166667],
        [41.848055556, 2.528333333],
        [41.81, 2.558888889],
        [41.766666667, 2.619166667],
        [41.739444444, 2.694444444],
        [41.731111111, 2.777222222],
        [41.741666667, 2.859444444],
        [41.799444444, 3.014444444],
        [41.9425, 3.389166667],
        [42.025555556, 3.394166667],
        [42.376111111, 3.375555556],
        [42.416666667, 3.233333333],
        [42.433333333, 3.166666667],
        [42.411866667, 3.100911111],
        [42.475, 2.991666667]
      ]
    },
    {
      "sector_id": "LEBLALB",
      "lower_limit": 0,
      "higher_limit": 19500,