{
  "sector_definitions": [
    {
      "sector_id": "LEBBTMA",
      "lower_limit": 0,
      "higher_limit": 14500,
      "polygon": [
        [43.68111128, -3.40638904],
        [43.68333351, -2.59055569],
        [43.25833351, -2.12722238],
        [42.97666683, -1.82305569],
        [42.80388906, -2.08833349],
        [42.96666683, -2.43333349],
        [43.08333351, -2.68333349],
        [42.81000017, -3.10555569],
        [43.05138906, -3.44361126],
        [43.16666683, -3.31666681],
        [43.5797224, -3.31666681],
        [43.68111128, -3.40638904]
      ]
    },
    {
      "sector_id": "LEBBTMA",
      "lower_limit": 9500,
      "higher_limit": 14500,
      "polygon": [
        [42.803889, -2.08833349],
        [42.81, -3.10555549],
        [43.08333351, -2.68333349],
        [42.803889, -2.08833349]
      ]
    }
  ]
}
