{
  "sector_definitions": [
    {
      "sector_id": "TTS",
      "lower_limit": 0,
      "higher_limit": 20000,
      "polygon": [
        [25.735277777778, 121.571388888889],
        [25.725555555556, 121.943333333333],
        [25.615555555556, 122.078055555556],
        [25.419166666667, 122.207777777778],
        [25.106111111111, 122.289722222222],
        [24.713333333333, 122.232222222222],
        [24.595555555556, 122.074444444444],
        [24.506388888889, 121.934722222222],
        [24.419722222222, 121.725555555556],
        [24.402222222222, 121.500555555556],
        [24.499722222222, 121.168611111111],
        [24.366666666667, 121.0],
        [23.836388888889, 120.776111111111],
        [24.056944444444, 119.867222222222],
        [24.8, 120.416666666667],
        [25.735277777778, 121.571388888889]
      ]
    }
  ]
}
